{"stats":{"minecraft:killed":{"minecraft:sheep":3,"minecraft:zombie":1,"minecraft:pig":3,"minecraft:chicken":1},"minecraft:picked_up":{"minecraft:oak_slab":1,"minecraft:stick":1,"minecraft:crafting_table":3,"minecraft:feather":2,"minecraft:chicken":1,"minecraft:clay_ball":4,"minecraft:torch":2,"minecraft:filled_map":1,"minecraft:oak_stairs":1,"minecraft:porkchop":4,"minecraft:spruce_sapling":1,"minecraft:spruce_log":7,"minecraft:dirt":6,"minecraft:bone":1,"minecraft:arrow":1,"minecraft:mutton":6,"minecraft:coal":27,"minecraft:white_wool":3,"minecraft:cobblestone":26,"minecraft:furnace":1},"minecraft:crafted":{"minecraft:crafting_table":1,"minecraft:stick":20,"minecraft:spruce_planks":26,"minecraft:wooden_pickaxe":1,"minecraft:cooked_chicken":1,"minecraft:stone_pickaxe":1,"minecraft:spruce_door":3,"minecraft:furnace":1,"minecraft:torch":50,"minecraft:stone_axe":1},"minecraft:used":{"minecraft:spruce_door":1,"minecraft:bread":5,"minecraft:stone_pickaxe":37,"minecraft:leather_chestplate":1,"minecraft:spruce_planks":3,"minecraft:wooden_pickaxe":12,"minecraft:leather_boots":1,"minecraft:cooked_chicken":1,"minecraft:stone_axe":13,"minecraft:torch":26,"minecraft:dirt":6,"minecraft:crafting_table":3,"minecraft:furnace":1},"minecraft:custom":{"minecraft:time_since_rest":7091,"minecraft:interact_with_furnace":2,"minecraft:sprint_one_cm":109090,"minecraft:damage_taken":160,"minecraft:walk_one_cm":105445,"minecraft:mob_kills":8,"minecraft:damage_dealt":700,"minecraft:swim_one_cm":29397,"minecraft:interact_with_crafting_table":6,"minecraft:fly_one_cm":55933,"minecraft:open_barrel":8,"minecraft:open_chest":39,"minecraft:crouch_one_cm":91,"minecraft:play_time":30488,"minecraft:sneak_time":18,"minecraft:walk_under_water_one_cm":3719,"minecraft:jump":244,"minecraft:leave_game":1,"minecraft:walk_on_water_one_cm":9546,"minecraft:time_since_death":30488,"minecraft:sleep_in_bed":1,"minecraft:climb_one_cm":722,"minecraft:total_world_time":30488,"minecraft:fall_one_cm":3719},"minecraft:mined":{"minecraft:oak_slab":1,"minecraft:furnace":1,"minecraft:spruce_log":7,"minecraft:clay":1,"minecraft:crafting_table":3,"minecraft:grass_block":3,"minecraft:coal_ore":14,"minecraft:oak_stairs":1,"minecraft:dirt":7,"minecraft:spruce_leaves":3,"minecraft:stone":26,"minecraft:wall_torch":1,"minecraft:fern":1}},"DataVersion":3465}