{"stats":{"minecraft:mined":{"minecraft:dark_oak_planks":6,"minecraft:dark_prismarine":4,"minecraft:red_carpet":2,"minecraft:spruce_planks":1,"minecraft:dark_oak_leaves":2,"minecraft:cobblestone_stairs":3,"minecraft:dark_oak_log":47,"minecraft:carved_pumpkin":1,"minecraft:acacia_log":8,"minecraft:grass_block":4,"minecraft:spruce_leaves":2,"minecraft:large_fern":1,"minecraft:furnace":5,"minecraft:iron_ore":20,"minecraft:fire":4,"minecraft:gold_block":2,"minecraft:mossy_stone_brick_stairs":1,"minecraft:bookshelf":1,"minecraft:iron_bars":1,"minecraft:stone":40,"minecraft:podzol":1,"minecraft:oak_slab":17,"minecraft:acacia_leaves":2,"minecraft:glass_pane":1,"minecraft:crafting_table":7,"minecraft:torch":2,"minecraft:emerald_ore":2,"minecraft:chest":12,"minecraft:cobblestone":9,"minecraft:oak_planks":2,"minecraft:wall_torch":1,"minecraft:cyan_wool":5,"minecraft:white_carpet":2,"minecraft:birch_leaves":4,"minecraft:light_gray_wool":1,"minecraft:grass":28,"minecraft:coal_ore":41,"minecraft:dirt":8,"minecraft:smooth_quartz":3,"minecraft:cracked_stone_bricks":1,"minecraft:potted_red_tulip":1,"minecraft:oak_leaves":22,"minecraft:fern":2},"minecraft:crafted":{"minecraft:cooked_chicken":7,"minecraft:furnace":1,"minecraft:cooked_mutton":18,"minecraft:iron_axe":2,"minecraft:stone_pickaxe":1,"minecraft:chest":1,"minecraft:dark_oak_planks":24,"minecraft:cooked_beef":15,"minecraft:cooked_porkchop":23,"minecraft:crafting_table":2,"minecraft:wooden_pickaxe":1,"minecraft:iron_helmet":1,"minecraft:iron_sword":1,"minecraft:stone_axe":1,"minecraft:iron_chestplate":1,"minecraft:stick":40,"minecraft:iron_ingot":19,"minecraft:iron_pickaxe":1,"minecraft:iron_leggings":1,"minecraft:white_bed":1,"minecraft:acacia_planks":32,"minecraft:torch":76},"minecraft:killed_by":{"minecraft:creeper":1,"minecraft:vindicator":3,"minecraft:vex":1},"minecraft:killed":{"minecraft:vex":1,"minecraft:spider":7,"minecraft:vindicator":2,"minecraft:skeleton":2,"minecraft:chicken":6,"minecraft:pig":10,"minecraft:sheep":10,"minecraft:zombie":5,"minecraft:cow":9},"minecraft:custom":{"minecraft:mob_kills":58,"minecraft:interact_with_crafting_table":26,"minecraft:damage_dealt_resisted":97,"minecraft:leave_game":3,"minecraft:time_since_death":64106,"minecraft:climb_one_cm":1396,"minecraft:sprint_one_cm":541739,"minecraft:walk_one_cm":424711,"minecraft:damage_blocked_by_shield":275,"minecraft:drop":23,"minecraft:talked_to_villager":1,"minecraft:play_time":166853,"minecraft:deaths":5,"minecraft:sneak_time":750,"minecraft:walk_under_water_one_cm":2818,"minecraft:jump":2715,"minecraft:walk_on_water_one_cm":10817,"minecraft:total_world_time":166853,"minecraft:interact_with_furnace":55,"minecraft:sleep_in_bed":1,"minecraft:time_since_rest":64153,"minecraft:damage_taken":3779,"minecraft:damage_dealt":11462,"minecraft:swim_one_cm":19034,"minecraft:fly_one_cm":407676,"minecraft:open_chest":20,"minecraft:crouch_one_cm":919,"minecraft:fall_one_cm":58395},"minecraft:used":{"minecraft:spruce_planks":1,"minecraft:chest":1,"minecraft:shield":4,"minecraft:iron_sword":252,"minecraft:cooked_chicken":7,"minecraft:torch":39,"minecraft:iron_chestplate":3,"minecraft:dirt":25,"minecraft:white_carpet":1,"minecraft:dark_oak_planks":12,"minecraft:lava_bucket":8,"minecraft:iron_axe":217,"minecraft:iron_helmet":1,"minecraft:red_carpet":5,"minecraft:furnace":5,"minecraft:cooked_beef":10,"minecraft:acacia_planks":2,"minecraft:iron_leggings":2,"minecraft:golden_boots":2,"minecraft:cooked_mutton":12,"minecraft:stone_pickaxe":50,"minecraft:wooden_pickaxe":44,"minecraft:cracked_stone_bricks":1,"minecraft:crafting_table":7,"minecraft:apple":1,"minecraft:dark_oak_log":16,"minecraft:bread":1,"minecraft:melon_slice":27,"minecraft:iron_pickaxe":69,"minecraft:stone_axe":95,"minecraft:cobblestone":22,"minecraft:cooked_porkchop":5,"minecraft:bucket":7},"minecraft:broken":{"minecraft:wooden_pickaxe":1,"minecraft:iron_axe":1,"minecraft:stone_axe":1,"minecraft:iron_sword":1},"minecraft:dropped":{"minecraft:water_bucket":1,"minecraft:iron_sword":1,"minecraft:oak_slab":6,"minecraft:wheat_seeds":1,"minecraft:ender_pearl":1,"minecraft:iron_helmet":1,"minecraft:book":6,"minecraft:music_disc_13":1,"minecraft:cobblestone_stairs":1,"minecraft:dirt":6,"minecraft:melon_slice":32,"minecraft:dark_oak_planks":57,"minecraft:stone_sword":1,"minecraft:totem_of_undying":1,"minecraft:flower_pot":1,"minecraft:chest":70,"minecraft:iron_bars":1,"minecraft:arrow":2,"minecraft:red_tulip":1},"minecraft:picked_up":{"minecraft:crafting_table":7,"minecraft:iron_chestplate":6,"minecraft:chicken":7,"minecraft:flower_pot":1,"minecraft:lead":1,"minecraft:gold_block":6,"minecraft:shield":6,"minecraft:string":15,"minecraft:iron_axe":4,"minecraft:iron_leggings":4,"minecraft:white_carpet":40,"minecraft:cracked_stone_bricks":1,"minecraft:spruce_planks":1,"minecraft:beef":15,"minecraft:cyan_wool":5,"minecraft:smooth_quartz":2,"minecraft:iron_pickaxe":6,"minecraft:light_gray_wool":2,"minecraft:melon_slice":99,"minecraft:chest":130,"minecraft:furnace":10,"minecraft:egg":2,"minecraft:dark_oak_sapling":140,"minecraft:stick":2,"minecraft:raw_iron":20,"minecraft:torch":55,"minecraft:acacia_log":8,"minecraft:porkchop":47,"minecraft:dark_oak_planks":79,"minecraft:stone_sword":1,"minecraft:arrow":18,"minecraft:rotten_flesh":6,"minecraft:red_tulip":1,"minecraft:carved_pumpkin":6,"minecraft:totem_of_undying":4,"minecraft:mutton":29,"minecraft:iron_bars":1,"minecraft:white_wool":9,"minecraft:cobblestone":117,"minecraft:cooked_beef":37,"minecraft:feather":7,"minecraft:water_bucket":2,"minecraft:leather":35,"minecraft:golden_boots":5,"minecraft:cobblestone_stairs":3,"minecraft:dirt":111,"minecraft:cooked_mutton":1,"minecraft:red_carpet":23,"minecraft:bone":15,"minecraft:acacia_planks":10,"minecraft:apple":5,"minecraft:wheat_seeds":5,"minecraft:iron_ingot":21,"minecraft:cooked_chicken":14,"minecraft:iron_sword":4,"minecraft:flowering_azalea":1,"minecraft:oak_planks":2,"minecraft:book":12,"minecraft:oak_slab":6,"minecraft:cooked_porkchop":24,"minecraft:music_disc_13":2,"minecraft:lava_bucket":1,"minecraft:white_bed":1,"minecraft:dark_oak_log":259,"minecraft:dark_prismarine":4,"minecraft:stone_axe":3,"minecraft:iron_helmet":6,"minecraft:emerald":43,"minecraft:bread":4,"minecraft:black_wool":1,"minecraft:coal":270,"minecraft:ender_pearl":1}},"DataVersion":3465}