{"stats":{"minecraft:mined":{"minecraft:yellow_terracotta":6,"minecraft:tuff":27,"minecraft:acacia_leaves":2,"minecraft:white_bed":1,"minecraft:deepslate_diamond_ore":1,"minecraft:orange_terracotta":2,"minecraft:crafting_table":3,"minecraft:red_sand":5,"minecraft:acacia_log":7,"minecraft:grass_block":2,"minecraft:copper_ore":10,"minecraft:tall_grass":6,"minecraft:diorite":11,"minecraft:spawner":2,"minecraft:pink_petals":2,"minecraft:white_terracotta":4,"minecraft:coarse_dirt":1,"minecraft:furnace":2,"minecraft:carrots":13,"minecraft:iron_ore":19,"minecraft:wheat":17,"minecraft:anvil":1,"minecraft:gold_block":1,"minecraft:grass":17,"minecraft:potatoes":7,"minecraft:coal_ore":5,"minecraft:deepslate_iron_ore":10,"minecraft:beetroots":5,"minecraft:dirt":1,"minecraft:gravel":13,"minecraft:dripstone_block":6,"minecraft:stripped_oak_log":1,"minecraft:cobweb":9,"minecraft:terracotta":11,"minecraft:stone":57,"minecraft:deepslate":162},"minecraft:broken":{"minecraft:iron_pickaxe":1},"minecraft:killed":{"minecraft:pig":5,"minecraft:spider":1,"minecraft:rabbit":1,"minecraft:skeleton":1,"minecraft:zombie":8,"minecraft:cow":1},"minecraft:picked_up":{"minecraft:crafting_table":3,"minecraft:coarse_dirt":1,"minecraft:wheat":17,"minecraft:cooked_beef":4,"minecraft:anvil":1,"minecraft:leather":2,"minecraft:potato":27,"minecraft:diamond_horse_armor":1,"minecraft:tuff":27,"waystones:sandy_waystone":1,"minecraft:dirt":3,"minecraft:string":9,"minecraft:bone":4,"minecraft:beetroot":5,"minecraft:wheat_seeds":47,"minecraft:red_sand":1,"minecraft:cobbled_deepslate":97,"minecraft:rabbit_hide":1,"minecraft:beef":3,"minecraft:iron_pickaxe":1,"minecraft:rabbit":1,"minecraft:acacia_sapling":3,"minecraft:egg":2,"minecraft:furnace":2,"minecraft:stick":4,"minecraft:raw_iron":29,"minecraft:cooked_porkchop":1,"minecraft:acacia_log":7,"minecraft:gravel":2,"minecraft:porkchop":17,"minecraft:pointed_dripstone":1,"minecraft:white_bed":2,"minecraft:carrot":42,"minecraft:rotten_flesh":8,"minecraft:diamond":1,"minecraft:beetroot_seeds":15,"minecraft:white_terracotta":5,"minecraft:terracotta":3,"minecraft:coal":7,"minecraft:pink_petals":7,"minecraft:cobblestone":25},"minecraft:used":{"minecraft:cooked_mutton":2,"minecraft:red_sand":1,"minecraft:stone_pickaxe":14,"minecraft:wooden_pickaxe":24,"minecraft:white_terracotta":1,"minecraft:iron_sword":79,"minecraft:cookie":1,"simpletomb:grave_key":3,"minecraft:iron_chestplate":1,"minecraft:torch":4,"minecraft:dirt":1,"minecraft:terracotta":1,"minecraft:crafting_table":4,"minecraft:white_bed":1,"minecraft:tuff":2,"minecraft:bread":12,"minecraft:iron_pickaxe":322,"minecraft:iron_boots":1,"minecraft:stone_axe":67,"minecraft:cobblestone":18,"minecraft:cooked_porkchop":3,"minecraft:furnace":1,"minecraft:cooked_rabbit":1,"minecraft:pumpkin_pie":1,"minecraft:cooked_beef":10,"minecraft:cobbled_deepslate":3,"minecraft:iron_leggings":1},"minecraft:custom":{"minecraft:interact_with_smithing_table":1,"minecraft:interact_with_furnace":18,"minecraft:interact_with_anvil":1,"minecraft:mob_kills":17,"minecraft:traded_with_villager":1,"minecraft:interact_with_crafting_table":8,"minecraft:interact_with_loom":1,"minecraft:open_barrel":7,"minecraft:leave_game":2,"minecraft:time_since_death":92182,"minecraft:sleep_in_bed":5,"minecraft:climb_one_cm":1947,"minecraft:time_since_rest":92215,"minecraft:sprint_one_cm":340957,"minecraft:damage_taken":1781,"minecraft:walk_one_cm":364686,"minecraft:drop":137,"minecraft:damage_dealt":2697,"minecraft:swim_one_cm":51895,"minecraft:talked_to_villager":12,"minecraft:fly_one_cm":304518,"minecraft:open_chest":56,"minecraft:crouch_one_cm":1644,"minecraft:play_time":161454,"minecraft:deaths":1,"minecraft:sneak_time":1197,"minecraft:walk_under_water_one_cm":18566,"minecraft:boat_one_cm":94294,"minecraft:jump":2641,"minecraft:interact_with_blast_furnace":2,"minecraft:walk_on_water_one_cm":56204,"minecraft:total_world_time":161454,"minecraft:fall_one_cm":50512},"minecraft:dropped":{"minecraft:gravel":2,"minecraft:iron_ingot":1,"minecraft:wheat_seeds":2,"minecraft:cobbled_deepslate":94,"minecraft:tuff":25,"alexscaves:cave_tablet":1,"minecraft:pointed_dripstone":1,"minecraft:cobblestone":1,"minecraft:beetroot":5,"minecraft:rotten_flesh":2,"minecraft:clay_ball":3,"minecraft:iron_boots":1,"minecraft:white_terracotta":4,"minecraft:white_bed":1,"minecraft:dirt":1,"minecraft:torch":6,"minecraft:iron_chestplate":1,"minecraft:iron_pickaxe":1,"minecraft:terracotta":2},"minecraft:crafted":{"minecraft:cooked_beef":6,"minecraft:cooked_porkchop":2,"minecraft:crafting_table":1,"minecraft:wooden_pickaxe":1,"minecraft:stone_axe":1,"minecraft:cooked_mutton":2,"minecraft:iron_chestplate":2,"minecraft:shield":1,"minecraft:stick":22,"minecraft:iron_ingot":4,"minecraft:stone_pickaxe":1,"minecraft:iron_leggings":1,"minecraft:acacia_planks":28,"minecraft:cooked_rabbit":1}},"DataVersion":3465}