{"stats":{"minecraft:crafted":{"minecraft:cooked_porkchop":5,"minecraft:crafting_table":1,"minecraft:stick":16,"minecraft:wooden_pickaxe":1,"minecraft:iron_ingot":4,"minecraft:iron_pickaxe":1,"minecraft:stone_pickaxe":1,"minecraft:furnace":1,"minecraft:acacia_planks":32,"minecraft:torch":8,"minecraft:stone_axe":1,"minecraft:cooked_mutton":5},"minecraft:used":{"minecraft:golden_boots":1,"minecraft:cooked_mutton":2,"minecraft:stone_pickaxe":49,"minecraft:iron_pickaxe":14,"minecraft:wooden_pickaxe":44,"minecraft:torch":2,"minecraft:stone_axe":26,"minecraft:dirt":8,"minecraft:cobblestone":17,"minecraft:crafting_table":3,"minecraft:furnace":2,"minecraft:cooked_porkchop":4},"minecraft:custom":{"minecraft:time_since_rest":24336,"minecraft:interact_with_furnace":10,"minecraft:sprint_one_cm":34495,"minecraft:damage_taken":465,"minecraft:walk_one_cm":42461,"minecraft:mob_kills":9,"minecraft:damage_dealt":1105,"minecraft:swim_one_cm":620,"minecraft:interact_with_crafting_table":11,"minecraft:fly_one_cm":68685,"minecraft:open_chest":1,"minecraft:play_time":24336,"minecraft:sneak_time":3,"minecraft:walk_under_water_one_cm":198,"minecraft:jump":405,"minecraft:leave_game":2,"minecraft:time_since_death":24336,"minecraft:walk_on_water_one_cm":1137,"minecraft:total_world_time":24336,"minecraft:fall_one_cm":13338},"minecraft:mined":{"minecraft:acacia_leaves":2,"minecraft:furnace":2,"minecraft:iron_ore":5,"minecraft:gold_block":2,"minecraft:crafting_table":4,"minecraft:grass":3,"minecraft:mossy_stone_brick_stairs":1,"minecraft:acacia_log":8,"minecraft:emerald_ore":2,"minecraft:grass_block":2,"minecraft:coal_ore":41,"minecraft:iron_bars":1,"minecraft:dirt":8,"minecraft:cobblestone":5,"minecraft:cracked_stone_bricks":1,"minecraft:stone":26},"minecraft:broken":{"minecraft:wooden_pickaxe":1},"minecraft:picked_up":{"minecraft:crafting_table":4,"minecraft:raw_iron":5,"minecraft:acacia_log":8,"minecraft:gold_block":1,"minecraft:porkchop":11,"minecraft:shield":1,"minecraft:dirt":10,"minecraft:string":1,"minecraft:rotten_flesh":3,"minecraft:cracked_stone_bricks":1,"minecraft:iron_ingot":2,"minecraft:emerald":2,"minecraft:mutton":1,"minecraft:iron_bars":1,"minecraft:coal":115,"minecraft:white_wool":1,"minecraft:cobblestone":31,"minecraft:furnace":2},"minecraft:killed":{"minecraft:sheep":1,"minecraft:pig":4,"minecraft:zombie":3,"minecraft:spider":1}},"DataVersion":3465}