{"stats":{"minecraft:dropped":{"minecraft:iron_ingot":1,"minecraft:wheat_seeds":2,"minecraft:cobblestone":1,"minecraft:dirt":1,"minecraft:torch":6,"minecraft:iron_pickaxe":1,"minecraft:bone":5,"minecraft:gravel":2,"minecraft:cobbled_deepslate":94,"alexscaves:cave_tablet":1,"minecraft:tuff":25,"minecraft:pointed_dripstone":1,"minecraft:beetroot":5,"minecraft:rotten_flesh":2,"minecraft:clay_ball":3,"minecraft:iron_boots":1,"minecraft:white_terracotta":4,"minecraft:white_bed":1,"minecraft:iron_chestplate":1,"minecraft:calcite":1,"minecraft:terracotta":2},"minecraft:mined":{"minecraft:dark_oak_planks":23,"minecraft:yellow_terracotta":6,"minecraft:tuff":27,"minecraft:white_bed":1,"minecraft:deepslate_diamond_ore":1,"minecraft:jack_o_lantern":1,"minecraft:dark_oak_log":2,"minecraft:red_sand":5,"minecraft:acacia_log":7,"minecraft:grass_block":5,"minecraft:jungle_planks":22,"minecraft:redstone_wire":1,"minecraft:spawner":4,"minecraft:furnace":2,"minecraft:carrots":13,"minecraft:iron_ore":19,"minecraft:anvil":1,"minecraft:dark_oak_stairs":9,"minecraft:gold_block":1,"minecraft:potatoes":7,"minecraft:deepslate_iron_ore":10,"minecraft:stripped_oak_log":1,"minecraft:stone":57,"minecraft:acacia_leaves":2,"minecraft:orange_terracotta":2,"minecraft:crafting_table":3,"minecraft:tall_grass":6,"minecraft:copper_ore":10,"minecraft:diorite":11,"minecraft:pink_petals":2,"minecraft:white_terracotta":4,"minecraft:coarse_dirt":1,"minecraft:birch_log":6,"minecraft:wheat":17,"minecraft:birch_leaves":5,"minecraft:birch_door":1,"minecraft:grass":22,"minecraft:coal_ore":13,"minecraft:beetroots":5,"minecraft:sand":3,"minecraft:gravel":13,"minecraft:dripstone_block":6,"minecraft:dirt":1,"minecraft:cobweb":9,"minecraft:terracotta":11,"minecraft:oak_leaves":1,"minecraft:deepslate":162},"minecraft:killed":{"minecraft:spider":2,"minecraft:skeleton":3,"minecraft:pig":5,"minecraft:rabbit":1,"minecraft:pillager":1,"minecraft:zombie":9,"minecraft:cow":1},"minecraft:used":{"minecraft:red_sand":1,"minecraft:shield":95,"minecraft:white_terracotta":1,"minecraft:iron_sword":174,"simpletomb:grave_key":11,"minecraft:iron_chestplate":1,"minecraft:torch":4,"minecraft:dirt":1,"minecraft:carrot":4,"minecraft:tuff":2,"minecraft:birch_door":4,"minecraft:wooden_axe":54,"minecraft:iron_boots":1,"minecraft:furnace":2,"minecraft:cooked_beef":10,"minecraft:cobbled_deepslate":3,"minecraft:iron_leggings":1,"minecraft:cooked_mutton":3,"minecraft:stone_pickaxe":14,"minecraft:wooden_pickaxe":24,"minecraft:cookie":1,"minecraft:golden_apple":1,"minecraft:terracotta":1,"minecraft:crafting_table":6,"minecraft:white_bed":1,"minecraft:bread":12,"minecraft:iron_pickaxe":340,"minecraft:stone_axe":67,"minecraft:cobblestone":18,"minecraft:cooked_porkchop":10,"minecraft:cooked_rabbit":1,"minecraft:pumpkin_pie":1},"minecraft:custom":{"minecraft:interact_with_smithing_table":1,"minecraft:mob_kills":26,"minecraft:interact_with_anvil":1,"minecraft:interact_with_crafting_table":10,"minecraft:open_barrel":21,"minecraft:leave_game":4,"minecraft:time_since_death":51399,"minecraft:climb_one_cm":5027,"minecraft:sprint_one_cm":622702,"minecraft:walk_one_cm":615536,"minecraft:damage_blocked_by_shield":3925,"minecraft:drop":143,"minecraft:play_noteblock":1,"minecraft:talked_to_villager":12,"minecraft:play_time":250638,"minecraft:deaths":8,"minecraft:sneak_time":1893,"minecraft:walk_under_water_one_cm":37877,"minecraft:interact_with_lectern":2,"minecraft:boat_one_cm":94294,"minecraft:jump":3502,"minecraft:interact_with_blast_furnace":12,"minecraft:walk_on_water_one_cm":109509,"minecraft:total_world_time":250638,"minecraft:interact_with_furnace":27,"minecraft:traded_with_villager":1,"minecraft:tune_noteblock":6,"minecraft:interact_with_loom":1,"minecraft:sleep_in_bed":7,"minecraft:time_since_rest":154,"minecraft:damage_taken":4133,"minecraft:damage_dealt":5480,"minecraft:swim_one_cm":151325,"minecraft:fly_one_cm":482402,"minecraft:open_chest":88,"minecraft:crouch_one_cm":1653,"minecraft:interact_with_smoker":1,"minecraft:fall_one_cm":70451},"minecraft:crafted":{"minecraft:cooked_mutton":2,"minecraft:stone_pickaxe":1,"minecraft:birch_door":3,"minecraft:cooked_rabbit":1,"minecraft:cooked_beef":6,"minecraft:cooked_porkchop":12,"minecraft:crafting_table":3,"minecraft:wooden_pickaxe":1,"minecraft:birch_planks":24,"minecraft:stone_axe":1,"minecraft:iron_chestplate":2,"minecraft:shield":1,"minecraft:stick":26,"minecraft:iron_ingot":4,"minecraft:wooden_axe":1,"minecraft:iron_leggings":1,"minecraft:acacia_planks":28,"minecraft:torch":4},"minecraft:picked_up":{"minecraft:birch_door":1,"minecraft:crafting_table":3,"minecraft:coarse_dirt":1,"minecraft:wheat":17,"minecraft:anvil":1,"minecraft:diamond_horse_armor":1,"minecraft:shield":1,"minecraft:string":10,"minecraft:cyan_carpet":8,"minecraft:beetroot":5,"minecraft:red_sand":1,"minecraft:cobbled_deepslate":97,"minecraft:beef":3,"minecraft:calcite":1,"minecraft:iron_pickaxe":1,"minecraft:birch_sapling":4,"minecraft:egg":2,"minecraft:furnace":2,"minecraft:raw_iron":29,"minecraft:stick":4,"minecraft:stripped_mangrove_wood":3,"minecraft:acacia_log":7,"minecraft:porkchop":21,"minecraft:pointed_dripstone":1,"minecraft:carrot":42,"minecraft:redstone":1,"minecraft:dark_oak_planks":1,"minecraft:arrow":2,"minecraft:rotten_flesh":15,"minecraft:beetroot_seeds":15,"minecraft:white_terracotta":5,"minecraft:cobblestone":26,"minecraft:birch_log":6,"minecraft:pink_petals":7,"minecraft:cooked_beef":4,"minecraft:leather":2,"minecraft:potato":28,"minecraft:tuff":27,"waystones:sandy_waystone":1,"minecraft:dirt":3,"minecraft:cooked_mutton":1,"minecraft:bone":11,"minecraft:gray_carpet":3,"minecraft:wheat_seeds":47,"minecraft:rabbit_hide":1,"minecraft:rabbit":1,"minecraft:acacia_sapling":3,"minecraft:cooked_porkchop":1,"minecraft:gravel":2,"minecraft:sand":1,"minecraft:white_bed":2,"minecraft:spider_eye":1,"minecraft:diamond":1,"minecraft:golden_apple":1,"minecraft:spruce_sign":2,"minecraft:terracotta":3,"minecraft:jack_o_lantern":1,"minecraft:coal":15},"minecraft:broken":{"minecraft:shield":1,"minecraft:iron_pickaxe":1},"minecraft:killed_by":{"minecraft:husk":5}},"DataVersion":3465}