{"stats":{"minecraft:crafted":{"minecraft:acacia_planks":44,"minecraft:crafting_table":1,"minecraft:stick":4,"minecraft:wooden_pickaxe":1},"minecraft:used":{"minecraft:crafting_table":1,"minecraft:acacia_sapling":1,"minecraft:wooden_pickaxe":3},"minecraft:custom":{"minecraft:time_since_rest":3165,"minecraft:crouch_one_cm":636,"minecraft:sprint_one_cm":1375,"minecraft:play_time":3165,"minecraft:walk_one_cm":3522,"minecraft:sneak_time":277,"minecraft:jump":21,"minecraft:leave_game":1,"minecraft:time_since_death":3165,"minecraft:total_world_time":3165,"minecraft:interact_with_crafting_table":1,"minecraft:fall_one_cm":627,"minecraft:fly_one_cm":4585},"minecraft:mined":{"minecraft:grass":7,"minecraft:acacia_log":11,"minecraft:grass_block":1,"minecraft:acacia_leaves":1,"minecraft:tall_grass":3},"minecraft:picked_up":{"minecraft:acacia_log":11,"minecraft:acacia_sapling":1,"minecraft:dirt":1}},"DataVersion":3465}