{"stats":{"minecraft:crafted":{"minecraft:cooked_porkchop":3,"minecraft:shield":2,"minecraft:crafting_table":1,"minecraft:stick":12,"minecraft:iron_ingot":6,"minecraft:wooden_pickaxe":1,"minecraft:stone_pickaxe":1,"minecraft:furnace":1,"minecraft:acacia_planks":44,"minecraft:torch":16,"minecraft:stone_axe":1,"minecraft:cooked_mutton":1,"minecraft:air":0},"minecraft:used":{"minecraft:cooked_mutton":4,"minecraft:stone_pickaxe":130,"minecraft:shield":1,"minecraft:wooden_pickaxe":14,"minecraft:torch":7,"minecraft:stone_axe":45,"minecraft:dirt":6,"minecraft:cobblestone":10,"minecraft:crafting_table":2,"minecraft:cooked_porkchop":2,"minecraft:furnace":2,"minecraft:acacia_sapling":1},"minecraft:custom":{"minecraft:time_since_rest":21165,"minecraft:interact_with_furnace":10,"minecraft:sprint_one_cm":32298,"minecraft:damage_taken":365,"minecraft:walk_one_cm":48035,"minecraft:damage_blocked_by_shield":25,"minecraft:mob_kills":21,"minecraft:drop":1,"minecraft:damage_dealt":3026,"minecraft:interact_with_crafting_table":6,"minecraft:fly_one_cm":118662,"minecraft:crouch_one_cm":2846,"minecraft:play_time":21165,"minecraft:sneak_time":863,"minecraft:jump":560,"minecraft:leave_game":1,"minecraft:walk_on_water_one_cm":128,"minecraft:time_since_death":21165,"minecraft:total_world_time":21165,"minecraft:fall_one_cm":18786},"minecraft:mined":{"minecraft:acacia_leaves":1,"minecraft:furnace":2,"minecraft:iron_ore":8,"minecraft:crafting_table":1,"minecraft:pointed_dripstone":10,"minecraft:grass":12,"minecraft:acacia_log":11,"minecraft:grass_block":3,"minecraft:coal_ore":47,"minecraft:dripstone_block":23,"minecraft:dirt":3,"minecraft:tall_grass":7,"minecraft:cobblestone":1,"minecraft:stone":45},"minecraft:picked_up":{"minecraft:raw_iron":7,"minecraft:crafting_table":1,"minecraft:brown_wool":1,"minecraft:leather":3,"minecraft:acacia_log":11,"minecraft:dripstone_block":35,"minecraft:porkchop":35,"minecraft:pointed_dripstone":30,"minecraft:string":1,"minecraft:dirt":6,"minecraft:mutton":6,"minecraft:acacia_sapling":1,"minecraft:coal":64,"minecraft:white_wool":3,"minecraft:cobblestone":46,"minecraft:furnace":2},"minecraft:killed":{"minecraft:sheep":4,"minecraft:pig":9,"minecraft:zombie":1,"minecraft:llama":6,"minecraft:spider":1},"minecraft:dropped":{"minecraft:shield":1}},"DataVersion":3465}