{"stats":{"minecraft:mined":{"minecraft:dark_oak_planks":4,"minecraft:yellow_terracotta":1,"alexscaves:spelunkery_table":1,"minecraft:tuff":5,"minecraft:white_bed":1,"minecraft:deepslate_diamond_ore":5,"minecraft:granite":30,"minecraft:grass_block":1,"minecraft:hopper":2,"minecraft:redstone_ore":4,"minecraft:furnace":4,"minecraft:iron_ore":7,"minecraft:fire":1,"minecraft:anvil":1,"minecraft:pointed_dripstone":14,"minecraft:water_cauldron":1,"minecraft:stripped_oak_log":3,"minecraft:azalea_leaves":2,"minecraft:stone":325,"minecraft:deepslate_redstone_ore":9,"minecraft:orange_terracotta":1,"travelersbackpack:standard":1,"minecraft:crafting_table":7,"minecraft:torch":1,"minecraft:light_gray_terracotta":4,"minecraft:blast_furnace":3,"minecraft:dead_bush":28,"minecraft:copper_ore":6,"minecraft:cobblestone":5,"minecraft:oak_planks":1,"minecraft:sculk":5,"minecraft:diorite":9,"minecraft:wall_torch":2,"minecraft:pink_petals":3,"minecraft:white_terracotta":3,"minecraft:red_terracotta":10,"minecraft:grass":17,"minecraft:coal_ore":72,"minecraft:oak_log":28,"minecraft:gravel":4,"minecraft:dripstone_block":20,"minecraft:cobweb":56,"minecraft:brown_terracotta":9,"minecraft:terracotta":20,"minecraft:stonecutter":4,"minecraft:gold_ore":29,"minecraft:deepslate":153,"minecraft:oak_leaves":1},"minecraft:broken":{"minecraft:iron_pickaxe":2},"minecraft:killed":{"minecraft:spider":3,"minecraft:skeleton":6,"minecraft:chicken":5,"minecraft:drowned":1,"minecraft:pig":3,"minecraft:zombie_villager":1,"minecraft:creeper":1,"minecraft:sheep":11,"minecraft:zombie":22,"minecraft:enderman":1,"minecraft:cow":7},"minecraft:used":{"minecraft:stone_sword":102,"minecraft:chest":1,"minecraft:shield":18,"minecraft:iron_sword":102,"minecraft:cooked_chicken":2,"simpletomb:grave_key":3,"minecraft:iron_chestplate":2,"minecraft:torch":33,"minecraft:golden_chestplate":1,"minecraft:iron_boots":1,"minecraft:bow":1,"minecraft:furnace":3,"minecraft:cooked_beef":5,"minecraft:cooked_mutton":6,"minecraft:water_bucket":1,"minecraft:damaged_anvil":1,"minecraft:stone_pickaxe":97,"minecraft:oak_planks":10,"minecraft:wooden_pickaxe":3,"minecraft:crafting_table":8,"minecraft:white_bed":3,"minecraft:shears":56,"minecraft:bread":25,"travelersbackpack:netherite":1,"minecraft:iron_pickaxe":667,"minecraft:stone_axe":43,"minecraft:cobblestone":64,"travelersbackpack:standard":10,"minecraft:dark_oak_fence":3,"minecraft:smithing_table":1,"minecraft:bucket":10,"minecraft:oak_boat":5},"minecraft:picked_up":{"minecraft:crafting_table":7,"minecraft:iron_chestplate":1,"minecraft:chicken":5,"minecraft:anvil":1,"alexscaves:cave_tablet":1,"minecraft:gold_block":1,"minecraft:string":4,"minecraft:raw_copper":37,"minecraft:red_sand":2,"minecraft:cobbled_deepslate":286,"minecraft:beef":14,"minecraft:oak_boat":5,"minecraft:iron_pickaxe":1,"minecraft:furnace":4,"minecraft:iron_boots":1,"minecraft:egg":2,"minecraft:stick":26,"minecraft:raw_iron":6,"minecraft:brown_terracotta":9,"minecraft:torch":11,"minecraft:porkchop":7,"minecraft:pointed_dripstone":41,"minecraft:diorite":19,"minecraft:redstone":53,"minecraft:golden_chestplate":1,"minecraft:cauldron":1,"minecraft:dark_oak_planks":4,"minecraft:arrow":10,"minecraft:rotten_flesh":19,"alexscaves:spelunkery_table":1,"minecraft:yellow_terracotta":7,"minecraft:mutton":17,"minecraft:white_wool":10,"minecraft:cobblestone":355,"minecraft:stripped_oak_log":4,"minecraft:pink_petals":5,"minecraft:feather":5,"minecraft:cooked_beef":6,"minecraft:leather":8,"minecraft:brown_wool":1,"minecraft:tuff":19,"waystones:sandy_waystone":1,"minecraft:oak_log":28,"minecraft:dirt":1,"minecraft:bone":11,"minecraft:stonecutter":4,"minecraft:bow":1,"minecraft:raw_gold":29,"minecraft:iron_ingot":1,"minecraft:cobweb":56,"minecraft:acacia_sapling":1,"minecraft:oak_planks":6,"minecraft:iron_sword":2,"minecraft:lava_bucket":1,"minecraft:dripstone_block":23,"minecraft:gravel":16,"minecraft:blast_furnace":3,"minecraft:white_bed":3,"minecraft:spider_eye":1,"travelersbackpack:standard":1,"minecraft:light_gray_terracotta":4,"minecraft:diamond":5,"waystones:waystone":3,"minecraft:granite":30,"minecraft:bread":3,"minecraft:terracotta":12,"minecraft:oak_sapling":2,"minecraft:coal":72,"minecraft:dark_oak_fence":3,"minecraft:hopper":2,"minecraft:ender_pearl":1},"minecraft:dropped":{"minecraft:bread":3,"minecraft:iron_sword":1,"minecraft:cooked_beef":10,"minecraft:smithing_table":1,"minecraft:lava_bucket":1,"minecraft:damaged_anvil":1,"minecraft:white_bed":2},"minecraft:custom":{"minecraft:interact_with_smithing_table":13,"minecraft:mob_kills":64,"minecraft:interact_with_anvil":7,"minecraft:inspect_hopper":1,"minecraft:interact_with_crafting_table":20,"minecraft:open_barrel":6,"minecraft:leave_game":1,"minecraft:time_since_death":71321,"minecraft:climb_one_cm":1699,"minecraft:sprint_one_cm":327286,"minecraft:walk_one_cm":285432,"minecraft:damage_blocked_by_shield":615,"minecraft:drop":19,"minecraft:talked_to_villager":4,"minecraft:play_time":166873,"minecraft:sneak_time":2303,"minecraft:deaths":2,"minecraft:walk_under_water_one_cm":8943,"minecraft:boat_one_cm":97565,"minecraft:jump":3041,"minecraft:interact_with_blast_furnace":1,"minecraft:walk_on_water_one_cm":21002,"minecraft:total_world_time":166873,"minecraft:interact_with_furnace":22,"minecraft:sleep_in_bed":5,"minecraft:time_since_rest":71414,"minecraft:damage_taken":2033,"minecraft:damage_dealt":9493,"minecraft:swim_one_cm":40036,"minecraft:fly_one_cm":526152,"minecraft:open_chest":38,"minecraft:crouch_one_cm":5241,"minecraft:fall_one_cm":85470,"minecraft:horse_one_cm":76},"minecraft:killed_by":{"minecraft:enderman":1},"minecraft:crafted":{"minecraft:oak_planks":128,"minecraft:cooked_chicken":5,"minecraft:furnace":1,"minecraft:cooked_mutton":17,"minecraft:stone_pickaxe":1,"minecraft:chest":1,"minecraft:cooked_beef":14,"minecraft:cooked_porkchop":7,"minecraft:crafting_table":1,"minecraft:wooden_pickaxe":1,"travelersbackpack:standard":1,"minecraft:bucket":1,"minecraft:stone_axe":1,"minecraft:air":0,"minecraft:oak_boat":1,"minecraft:shield":1,"minecraft:stick":12,"minecraft:iron_pickaxe":2,"minecraft:stone_sword":1,"minecraft:white_bed":2,"minecraft:torch":32,"minecraft:shears":1}},"DataVersion":3465}