{"stats":{"minecraft:mined":{"minecraft:dark_oak_planks":16,"minecraft:red_carpet":3,"minecraft:spruce_planks":14,"minecraft:white_bed":4,"minecraft:dark_oak_leaves":1,"minecraft:dark_oak_log":9,"minecraft:granite":1,"minecraft:dark_oak_fence":2,"minecraft:acacia_log":11,"minecraft:grass_block":17,"minecraft:spruce_leaves":1,"minecraft:spawner":1,"minecraft:furnace":4,"minecraft:iron_ore":50,"minecraft:fire":3,"minecraft:acacia_wood":1,"minecraft:dark_oak_stairs":2,"minecraft:pointed_dripstone":14,"minecraft:spruce_wood":1,"minecraft:stone":76,"minecraft:spruce_slab":4,"minecraft:podzol":1,"minecraft:oak_slab":5,"minecraft:acacia_leaves":1,"minecraft:glass_pane":3,"minecraft:crafting_table":4,"minecraft:torch":6,"minecraft:dark_oak_wood":10,"minecraft:calcite":8,"minecraft:melon":16,"minecraft:chest":52,"minecraft:tall_grass":7,"minecraft:cobblestone":26,"minecraft:oak_planks":17,"minecraft:wall_torch":3,"minecraft:cyan_wool":6,"minecraft:birch_planks":2,"minecraft:birch_log":2,"minecraft:white_carpet":28,"minecraft:spruce_log":27,"minecraft:birch_leaves":2,"minecraft:light_gray_wool":4,"minecraft:grass":21,"minecraft:oak_log":2,"minecraft:coal_ore":58,"minecraft:smooth_quartz":11,"minecraft:dripstone_block":24,"minecraft:dirt":17,"minecraft:red_mushroom_block":3,"minecraft:oak_leaves":14},"minecraft:crafted":{"minecraft:oak_planks":8,"minecraft:dark_oak_boat":1,"minecraft:furnace":3,"minecraft:cooked_mutton":1,"minecraft:iron_boots":1,"minecraft:iron_axe":2,"minecraft:stone_pickaxe":2,"minecraft:chest":1,"minecraft:spruce_boat":1,"minecraft:dark_oak_planks":60,"minecraft:cooked_porkchop":35,"minecraft:crafting_table":8,"minecraft:spruce_planks":16,"minecraft:cyan_bed":1,"minecraft:wooden_pickaxe":2,"minecraft:iron_helmet":1,"minecraft:iron_sword":2,"minecraft:bucket":1,"minecraft:birch_planks":8,"minecraft:stone_axe":2,"minecraft:air":0,"minecraft:iron_chestplate":1,"minecraft:shield":2,"minecraft:stick":28,"minecraft:iron_ingot":49,"minecraft:iron_pickaxe":1,"minecraft:stone_sword":2,"minecraft:iron_leggings":1,"minecraft:white_bed":1,"minecraft:acacia_planks":44,"minecraft:torch":20},"minecraft:killed_by":{"minecraft:vindicator":1},"minecraft:killed":{"minecraft:evoker":3,"minecraft:vex":4,"minecraft:cave_spider":1,"minecraft:spider":6,"minecraft:vindicator":13,"minecraft:skeleton":12,"minecraft:llama":6,"minecraft:pig":17,"minecraft:creeper":3,"minecraft:sheep":4,"minecraft:pillager":1,"minecraft:zombie":9,"minecraft:wither_skeleton":1,"minecraft:enderman":1,"minecraft:cow":1},"minecraft:custom":{"minecraft:mob_kills":86,"minecraft:interact_with_crafting_table":30,"minecraft:damage_dealt_resisted":283,"minecraft:leave_game":4,"minecraft:time_since_death":77048,"minecraft:climb_one_cm":564,"minecraft:sprint_one_cm":612587,"minecraft:walk_one_cm":401843,"minecraft:damage_blocked_by_shield":950,"minecraft:drop":22,"minecraft:talked_to_villager":3,"minecraft:play_time":188709,"minecraft:deaths":1,"minecraft:sneak_time":5485,"minecraft:walk_under_water_one_cm":9727,"minecraft:boat_one_cm":60795,"minecraft:jump":4568,"minecraft:walk_on_water_one_cm":13211,"minecraft:total_world_time":188709,"minecraft:interact_with_furnace":42,"minecraft:pot_flower":1,"minecraft:sleep_in_bed":3,"minecraft:time_since_rest":34930,"minecraft:damage_taken":3356,"minecraft:damage_dealt":16436,"minecraft:swim_one_cm":37718,"minecraft:fly_one_cm":940476,"minecraft:open_chest":27,"minecraft:crouch_one_cm":13029,"minecraft:fall_one_cm":114677},"minecraft:used":{"minecraft:stone_sword":21,"minecraft:iron_bars":1,"minecraft:spruce_slab":3,"minecraft:chest":4,"minecraft:shield":30,"minecraft:iron_sword":113,"minecraft:torch":26,"minecraft:dirt":45,"minecraft:white_carpet":4,"minecraft:acacia_sapling":1,"minecraft:cyan_wool":2,"minecraft:spruce_boat":1,"minecraft:iron_axe":225,"minecraft:oak_stairs":1,"minecraft:dark_oak_wood":1,"minecraft:smooth_quartz":13,"minecraft:red_carpet":9,"minecraft:dark_oak_boat":1,"minecraft:oak_sapling":1,"minecraft:furnace":7,"minecraft:cooked_mutton":4,"minecraft:water_bucket":13,"minecraft:cobblestone_stairs":2,"minecraft:birch_planks":13,"minecraft:stone_pickaxe":151,"minecraft:oak_planks":15,"minecraft:wooden_pickaxe":23,"minecraft:oak_slab":1,"minecraft:crafting_table":13,"minecraft:white_bed":6,"minecraft:flower_pot":2,"minecraft:cyan_bed":1,"minecraft:iron_pickaxe":117,"minecraft:stone_axe":120,"minecraft:blue_carpet":2,"minecraft:cobblestone":39,"minecraft:cooked_porkchop":45,"minecraft:bucket":14},"minecraft:broken":{"minecraft:stone_pickaxe":1,"minecraft:iron_axe":1},"minecraft:dropped":{"minecraft:iron_ingot":14,"minecraft:iron_sword":2,"minecraft:wheat_seeds":2,"minecraft:dark_oak_sapling":28,"minecraft:oxeye_daisy":1,"minecraft:lava_bucket":1,"minecraft:dark_oak_fence":2,"minecraft:mutton":3,"minecraft:iron_leggings":1,"minecraft:stone_axe":1,"minecraft:stone_sword":2,"minecraft:totem_of_undying":1,"minecraft:shield":1,"minecraft:carved_pumpkin":1,"minecraft:wooden_pickaxe":2},"minecraft:picked_up":{"minecraft:crafting_table":6,"minecraft:iron_chestplate":1,"minecraft:flower_pot":2,"minecraft:lead":1,"minecraft:wooden_pickaxe":1,"minecraft:oak_stairs":1,"minecraft:shield":1,"minecraft:string":14,"minecraft:iron_axe":2,"minecraft:iron_leggings":2,"minecraft:white_carpet":28,"minecraft:spruce_planks":23,"minecraft:beef":2,"minecraft:cyan_wool":6,"minecraft:calcite":6,"minecraft:poppy":1,"minecraft:smooth_quartz":16,"minecraft:spruce_slab":3,"minecraft:melon_slice":116,"minecraft:chest":120,"minecraft:diamond_hoe":1,"minecraft:iron_boots":1,"minecraft:furnace":4,"minecraft:dark_oak_sapling":28,"minecraft:stick":3,"minecraft:raw_iron":49,"minecraft:torch":9,"minecraft:acacia_log":11,"minecraft:porkchop":51,"minecraft:pointed_dripstone":37,"minecraft:blue_carpet":2,"minecraft:dark_oak_planks":74,"minecraft:arrow":25,"minecraft:rotten_flesh":14,"minecraft:vex_armor_trim_smithing_template":2,"minecraft:red_tulip":1,"minecraft:carved_pumpkin":1,"minecraft:totem_of_undying":5,"minecraft:mutton":9,"minecraft:iron_bars":1,"minecraft:white_wool":11,"minecraft:cobblestone":103,"minecraft:oxeye_daisy":1,"minecraft:birch_log":2,"minecraft:water_bucket":1,"minecraft:brown_wool":1,"minecraft:leather":13,"minecraft:red_mushroom":2,"minecraft:acacia_wood":1,"minecraft:birch_planks":13,"minecraft:oak_log":2,"minecraft:gunpowder":4,"minecraft:cobblestone_stairs":2,"minecraft:dirt":54,"minecraft:bone":15,"minecraft:red_carpet":19,"minecraft:apple":2,"minecraft:bow":1,"minecraft:wheat_seeds":7,"minecraft:spruce_wood":1,"minecraft:acacia_sapling":1,"minecraft:iron_sword":2,"minecraft:oak_planks":20,"minecraft:book":12,"minecraft:oak_slab":15,"minecraft:cooked_porkchop":47,"minecraft:music_disc_13":1,"minecraft:dripstone_block":36,"minecraft:spruce_log":27,"minecraft:white_bed":5,"minecraft:dark_oak_log":13,"minecraft:iron_helmet":1,"minecraft:granite":1,"minecraft:emerald":4,"minecraft:dark_oak_wood":7,"minecraft:oak_sapling":2,"minecraft:coal":92,"minecraft:melon_seeds":4,"minecraft:dark_oak_fence":2,"minecraft:ender_pearl":2}},"DataVersion":3465}