{"stats":{"minecraft:dropped":{"minecraft:bread":3,"minecraft:iron_sword":1,"minecraft:cooked_beef":10,"minecraft:smithing_table":1,"minecraft:lava_bucket":1,"minecraft:damaged_anvil":1,"minecraft:white_bed":2,"minecraft:shield":2},"minecraft:mined":{"minecraft:dark_oak_planks":8,"minecraft:yellow_terracotta":1,"alexscaves:spelunkery_table":1,"minecraft:tuff":5,"minecraft:spruce_planks":14,"minecraft:white_bed":1,"minecraft:mossy_cobblestone":1,"minecraft:deepslate_diamond_ore":5,"minecraft:cherry_log":20,"minecraft:jack_o_lantern":1,"minecraft:granite":30,"minecraft:grass_block":14,"minecraft:coal_block":1,"minecraft:spruce_leaves":3,"minecraft:hopper":2,"minecraft:spawner":2,"minecraft:redstone_ore":4,"minecraft:furnace":4,"minecraft:red_nether_brick_stairs":1,"minecraft:iron_ore":7,"minecraft:fire":1,"minecraft:anvil":1,"minecraft:stripped_dark_oak_wood":10,"minecraft:pointed_dripstone":14,"minecraft:cave_vines":1,"minecraft:water_cauldron":1,"minecraft:stripped_oak_log":3,"minecraft:azalea_leaves":2,"minecraft:stripped_mangrove_wood":2,"minecraft:stone":366,"minecraft:deepslate_redstone_ore":9,"minecraft:red_bed":1,"minecraft:orange_terracotta":1,"travelersbackpack:standard":1,"minecraft:crafting_table":7,"minecraft:torch":1,"minecraft:light_gray_terracotta":4,"minecraft:blast_furnace":17,"minecraft:calcite":4,"minecraft:dead_bush":28,"minecraft:tall_grass":5,"minecraft:copper_ore":6,"minecraft:cobblestone":20,"minecraft:cyan_bed":1,"minecraft:oak_planks":1,"minecraft:sculk":5,"minecraft:diorite":9,"minecraft:wall_torch":4,"minecraft:cauldron":7,"minecraft:pink_petals":13,"minecraft:white_terracotta":3,"minecraft:red_terracotta":10,"minecraft:jukebox":1,"minecraft:grass":31,"minecraft:mangrove_slab":1,"minecraft:oak_log":28,"minecraft:coal_ore":72,"minecraft:cherry_leaves":3,"minecraft:gravel":4,"minecraft:dripstone_block":20,"minecraft:dirt":4,"minecraft:cobweb":93,"minecraft:brown_terracotta":9,"minecraft:terracotta":20,"minecraft:stonecutter":4,"minecraft:gold_ore":29,"minecraft:piston":3,"minecraft:oak_leaves":1,"minecraft:deepslate":153},"minecraft:killed":{"minecraft:spider":4,"minecraft:skeleton":13,"minecraft:chicken":9,"minecraft:drowned":1,"minecraft:husk":15,"minecraft:pig":4,"minecraft:zombie_villager":1,"minecraft:creeper":1,"minecraft:sheep":13,"minecraft:pillager":8,"minecraft:zombie":27,"minecraft:cow":10,"minecraft:enderman":1},"minecraft:used":{"minecraft:stone_sword":102,"minecraft:chest":7,"minecraft:shield":90,"minecraft:iron_sword":319,"minecraft:cooked_chicken":2,"simpletomb:grave_key":6,"minecraft:iron_chestplate":2,"minecraft:torch":50,"minecraft:golden_chestplate":1,"minecraft:milk_bucket":1,"minecraft:lava_bucket":9,"minecraft:iron_boots":1,"minecraft:bow":1,"minecraft:goat_horn":1,"minecraft:furnace":4,"minecraft:cooked_beef":5,"minecraft:cooked_mutton":6,"minecraft:water_bucket":3,"minecraft:damaged_anvil":1,"minecraft:stone_pickaxe":97,"minecraft:oak_planks":10,"minecraft:wooden_pickaxe":3,"minecraft:crafting_table":8,"minecraft:red_bed":1,"minecraft:white_bed":3,"minecraft:shears":92,"travelersbackpack:netherite":1,"minecraft:bread":60,"minecraft:cyan_bed":1,"minecraft:iron_pickaxe":767,"minecraft:stone_axe":100,"minecraft:cobblestone":116,"travelersbackpack:standard":10,"minecraft:smithing_table":1,"minecraft:cooked_porkchop":5,"minecraft:dark_oak_fence":3,"minecraft:bucket":12,"minecraft:oak_boat":5,"minecraft:cobweb":30},"minecraft:custom":{"minecraft:interact_with_smithing_table":13,"minecraft:interact_with_anvil":7,"minecraft:mob_kills":113,"minecraft:inspect_hopper":1,"minecraft:interact_with_crafting_table":24,"minecraft:open_barrel":19,"minecraft:leave_game":5,"minecraft:time_since_death":65657,"minecraft:climb_one_cm":2955,"minecraft:sprint_one_cm":667310,"minecraft:walk_one_cm":504597,"minecraft:damage_blocked_by_shield":3325,"minecraft:drop":21,"minecraft:play_noteblock":35,"minecraft:talked_to_villager":4,"minecraft:play_time":264900,"minecraft:sneak_time":3566,"minecraft:deaths":4,"minecraft:walk_under_water_one_cm":10643,"minecraft:boat_one_cm":97565,"minecraft:jump":5193,"minecraft:interact_with_blast_furnace":2,"minecraft:walk_on_water_one_cm":23530,"minecraft:total_world_time":264900,"minecraft:interact_with_furnace":26,"minecraft:tune_noteblock":24,"minecraft:sleep_in_bed":8,"minecraft:time_since_rest":154,"minecraft:damage_taken":4303,"minecraft:damage_dealt":19891,"minecraft:swim_one_cm":51188,"minecraft:fly_one_cm":1046880,"minecraft:open_chest":98,"minecraft:crouch_one_cm":8260,"minecraft:fall_one_cm":143170,"minecraft:horse_one_cm":76},"minecraft:crafted":{"minecraft:oak_planks":128,"minecraft:cooked_chicken":5,"minecraft:furnace":2,"minecraft:cooked_mutton":17,"minecraft:stone_pickaxe":1,"minecraft:chest":8,"minecraft:dark_oak_planks":40,"minecraft:cooked_beef":14,"minecraft:cooked_porkchop":10,"minecraft:crafting_table":1,"minecraft:wooden_pickaxe":1,"travelersbackpack:standard":1,"minecraft:iron_sword":2,"minecraft:bucket":1,"minecraft:stone_axe":1,"minecraft:air":0,"minecraft:oak_boat":1,"minecraft:shield":3,"minecraft:stick":12,"minecraft:iron_pickaxe":2,"minecraft:stone_sword":1,"minecraft:white_bed":2,"minecraft:torch":40,"minecraft:shears":1},"minecraft:picked_up":{"minecraft:crafting_table":7,"minecraft:iron_chestplate":1,"minecraft:chicken":9,"minecraft:anvil":1,"minecraft:brown_mushroom":1,"alexscaves:cave_tablet":1,"minecraft:gold_block":1,"minecraft:shield":1,"minecraft:string":9,"minecraft:red_bed":1,"minecraft:raw_copper":37,"minecraft:item_frame":3,"minecraft:cyan_carpet":8,"minecraft:red_sand":2,"minecraft:cobbled_deepslate":286,"minecraft:comparator":1,"minecraft:spruce_planks":14,"minecraft:beef":21,"minecraft:oak_boat":5,"minecraft:calcite":3,"minecraft:iron_pickaxe":1,"minecraft:coal_block":1,"minecraft:furnace":4,"minecraft:piston":3,"minecraft:egg":2,"minecraft:iron_boots":1,"minecraft:stick":28,"minecraft:raw_iron":6,"minecraft:jukebox":1,"minecraft:brown_terracotta":9,"minecraft:torch":15,"minecraft:spruce_stairs":1,"minecraft:porkchop":10,"minecraft:cherry_log":20,"minecraft:pointed_dripstone":41,"minecraft:diorite":19,"minecraft:redstone":53,"minecraft:golden_chestplate":1,"minecraft:cauldron":8,"minecraft:dark_oak_planks":10,"minecraft:arrow":16,"minecraft:rotten_flesh":29,"minecraft:hay_block":2,"alexscaves:spelunkery_table":1,"minecraft:stripped_dark_oak_wood":10,"minecraft:yellow_terracotta":7,"minecraft:mutton":19,"minecraft:white_wool":12,"minecraft:cobblestone":404,"minecraft:stripped_oak_log":4,"minecraft:pink_petals":38,"minecraft:feather":10,"minecraft:cooked_beef":6,"minecraft:brown_wool":1,"minecraft:leather":13,"minecraft:tuff":19,"waystones:sandy_waystone":1,"minecraft:oak_log":28,"minecraft:dirt":20,"minecraft:bone":22,"minecraft:gray_carpet":2,"minecraft:stonecutter":4,"minecraft:bow":1,"minecraft:raw_gold":29,"minecraft:iron_ingot":1,"minecraft:cobweb":92,"minecraft:acacia_sapling":1,"minecraft:iron_sword":2,"minecraft:oak_planks":7,"minecraft:oak_slab":1,"minecraft:dripstone_block":23,"minecraft:gravel":16,"minecraft:lava_bucket":1,"minecraft:blast_furnace":17,"minecraft:white_bed":3,"minecraft:cyan_bed":1,"minecraft:spider_eye":1,"minecraft:mossy_cobblestone":1,"travelersbackpack:standard":1,"minecraft:light_gray_terracotta":4,"minecraft:diamond":5,"waystones:waystone":3,"minecraft:granite":30,"minecraft:cherry_sapling":4,"minecraft:spruce_sign":6,"minecraft:bread":3,"minecraft:jack_o_lantern":1,"minecraft:terracotta":12,"minecraft:oak_sapling":2,"minecraft:dark_oak_fence":3,"minecraft:coal":74,"minecraft:hopper":2,"minecraft:ender_pearl":1},"minecraft:broken":{"minecraft:shield":1,"minecraft:iron_pickaxe":3},"minecraft:killed_by":{"minecraft:husk":1,"minecraft:enderman":1}},"DataVersion":3465}