{"stats":{"minecraft:crafted":{"minecraft:cooked_porkchop":3,"minecraft:shield":2,"minecraft:crafting_table":2,"minecraft:stick":12,"minecraft:iron_pickaxe":1,"minecraft:iron_ingot":10,"minecraft:wooden_pickaxe":1,"minecraft:stone_pickaxe":1,"minecraft:furnace":1,"minecraft:acacia_planks":44,"minecraft:torch":16,"minecraft:stone_axe":1,"minecraft:cooked_mutton":1,"minecraft:air":0},"minecraft:used":{"minecraft:cooked_mutton":4,"minecraft:stone_pickaxe":131,"minecraft:iron_pickaxe":20,"minecraft:shield":3,"minecraft:wooden_pickaxe":14,"minecraft:torch":10,"minecraft:stone_axe":49,"minecraft:dirt":8,"minecraft:cobblestone":26,"minecraft:crafting_table":3,"minecraft:cooked_porkchop":3,"minecraft:furnace":3,"minecraft:acacia_sapling":1},"minecraft:custom":{"minecraft:time_since_rest":33165,"minecraft:interact_with_furnace":12,"minecraft:sprint_one_cm":48994,"minecraft:damage_taken":525,"minecraft:walk_one_cm":65900,"minecraft:damage_blocked_by_shield":80,"minecraft:mob_kills":22,"minecraft:drop":1,"minecraft:damage_dealt":3359,"minecraft:swim_one_cm":3669,"minecraft:interact_with_crafting_table":8,"minecraft:fly_one_cm":154671,"minecraft:open_chest":1,"minecraft:crouch_one_cm":3513,"minecraft:play_time":33165,"minecraft:sneak_time":1102,"minecraft:walk_under_water_one_cm":1154,"minecraft:jump":822,"minecraft:leave_game":1,"minecraft:walk_on_water_one_cm":1115,"minecraft:time_since_death":33165,"minecraft:total_world_time":33165,"minecraft:fall_one_cm":29085},"minecraft:mined":{"minecraft:acacia_leaves":1,"minecraft:furnace":2,"minecraft:iron_ore":18,"minecraft:crafting_table":1,"minecraft:granite":1,"minecraft:pointed_dripstone":11,"minecraft:grass":12,"minecraft:acacia_log":11,"minecraft:grass_block":4,"minecraft:coal_ore":47,"minecraft:dripstone_block":24,"minecraft:dirt":4,"minecraft:tall_grass":7,"minecraft:cobblestone":2,"minecraft:stone":52},"minecraft:broken":{"minecraft:stone_pickaxe":1},"minecraft:picked_up":{"minecraft:raw_iron":17,"minecraft:crafting_table":1,"minecraft:brown_wool":1,"minecraft:leather":3,"minecraft:acacia_log":11,"minecraft:dripstone_block":36,"minecraft:porkchop":35,"minecraft:pointed_dripstone":31,"minecraft:string":1,"minecraft:dirt":8,"minecraft:bone":2,"minecraft:arrow":2,"minecraft:granite":1,"minecraft:mutton":6,"minecraft:acacia_sapling":1,"minecraft:coal":64,"minecraft:white_wool":3,"minecraft:cobblestone":54,"minecraft:furnace":2},"minecraft:killed":{"minecraft:skeleton":1,"minecraft:sheep":4,"minecraft:pig":9,"minecraft:zombie":1,"minecraft:llama":6,"minecraft:spider":1},"minecraft:dropped":{"minecraft:shield":1}},"DataVersion":3465}