{"stats":{"minecraft:killed":{"minecraft:zombie":2,"minecraft:creeper":1},"minecraft:dropped":{"minecraft:filled_map":2,"minecraft:sugar_cane":1,"minecraft:mossy_stone_bricks":1,"minecraft:rotten_flesh":2,"minecraft:wooden_pickaxe":1,"minecraft:cracked_stone_bricks":1,"minecraft:spruce_sapling":6},"minecraft:picked_up":{"minecraft:stick":2,"minecraft:crafting_table":1,"minecraft:ladder":1,"minecraft:sweet_berries":51,"minecraft:filled_map":1,"minecraft:gravel":3,"minecraft:sand":4,"waystones:sandy_waystone":1,"minecraft:oak_log":3,"minecraft:spruce_sapling":7,"minecraft:spruce_log":15,"minecraft:mossy_cobblestone":1,"minecraft:dirt":23,"minecraft:lantern":1,"minecraft:rotten_flesh":1,"minecraft:cracked_stone_bricks":1,"minecraft:mossy_stone_bricks":1,"minecraft:sugar_cane":1,"minecraft:oak_planks":1,"minecraft:snowball":9,"minecraft:cobblestone":18,"minecraft:egg":1},"minecraft:crafted":{"minecraft:crafting_table":3,"minecraft:spruce_planks":60,"minecraft:stick":8,"minecraft:wooden_pickaxe":1,"minecraft:stone_pickaxe":1,"minecraft:stone_sword":1,"minecraft:stone_axe":1,"minecraft:bread":41},"minecraft:used":{"waystones:sandy_waystone":1,"minecraft:stone_sword":11,"minecraft:bread":2,"minecraft:stone_pickaxe":45,"minecraft:wooden_pickaxe":18,"minecraft:gravel":3,"simpletomb:grave_key":2,"minecraft:stone_axe":16,"minecraft:mossy_cobblestone":1,"minecraft:dirt":7,"minecraft:sand":3,"minecraft:sweet_berries":7,"minecraft:crafting_table":4,"minecraft:snowball":9},"minecraft:custom":{"minecraft:time_since_rest":7210,"minecraft:waystone_activated":2,"minecraft:interact_with_furnace":1,"minecraft:sprint_one_cm":85758,"minecraft:damage_taken":293,"minecraft:walk_one_cm":53262,"minecraft:mob_kills":3,"minecraft:drop":14,"minecraft:damage_dealt":676,"minecraft:swim_one_cm":10433,"minecraft:interact_with_crafting_table":8,"minecraft:fly_one_cm":187127,"minecraft:open_barrel":6,"minecraft:open_chest":22,"minecraft:crouch_one_cm":17,"minecraft:play_time":31521,"minecraft:deaths":1,"minecraft:walk_under_water_one_cm":6668,"minecraft:sneak_time":115,"minecraft:jump":633,"minecraft:leave_game":1,"minecraft:walk_on_water_one_cm":5589,"minecraft:time_since_death":23327,"minecraft:sleep_in_bed":2,"minecraft:total_world_time":31521,"minecraft:fall_one_cm":3716},"minecraft:killed_by":{"minecraft:skeleton":1},"minecraft:mined":{"minecraft:mossy_cobblestone":1,"minecraft:fire":16,"minecraft:sweet_berry_bush":21,"minecraft:spruce_log":15,"minecraft:crafting_table":1,"minecraft:grass_block":4,"minecraft:oak_log":3,"minecraft:sand":4,"minecraft:gravel":4,"minecraft:dirt":19,"minecraft:packed_ice":18,"minecraft:cracked_stone_bricks":1,"minecraft:spruce_leaves":2,"minecraft:stone":18,"minecraft:oak_planks":1,"minecraft:mossy_stone_bricks":1}},"DataVersion":3465}